system:index,Cyclone,Date_End,Date_Start,ENSO,Phase,WindDirection,WindSpeed,.geo
0,Phailin,2013-10-05,2013-09-28,ElNino,pre2,0.5244394495205799,1.1206763931875212,"{""type"":""MultiPoint"",""coordinates"":[]}"
1,Phailin,2013-10-12,2013-10-05,ElNino,pre1,-2.1411747908933316,0.5791186047163562,"{""type"":""MultiPoint"",""coordinates"":[]}"
2,Phailin,2013-10-19,2013-10-12,ElNino,during,-0.5539091712825699,1.8597466200066066,"{""type"":""MultiPoint"",""coordinates"":[]}"
3,Phailin,2013-10-26,2013-10-19,ElNino,rec1,-1.4951647504488415,1.9530574076809937,"{""type"":""MultiPoint"",""coordinates"":[]}"
4,Phailin,2013-11-02,2013-10-26,ElNino,rec2,-2.4208345835316933,1.4448995256409174,"{""type"":""MultiPoint"",""coordinates"":[]}"
5,Phailin,2013-11-09,2013-11-02,ElNino,rec3,-2.3246967418244275,1.0165471446997207,"{""type"":""MultiPoint"",""coordinates"":[]}"
6,Phailin,2013-11-16,2013-11-09,ElNino,rec4,-2.5324766883538166,2.1568604639764257,"{""type"":""MultiPoint"",""coordinates"":[]}"
7,Phailin,2013-11-23,2013-11-16,ElNino,rec5,-2.574648753766376,2.5107916958814323,"{""type"":""MultiPoint"",""coordinates"":[]}"
8,Phailin,2013-11-30,2013-11-23,ElNino,rec6,-2.417187695535605,1.2559845014000135,"{""type"":""MultiPoint"",""coordinates"":[]}"
9,Hudhud,2014-10-05,2014-09-28,ElNino,pre2,0.31651096008758883,0.6810632855718337,"{""type"":""MultiPoint"",""coordinates"":[]}"
10,Hudhud,2014-10-12,2014-10-05,ElNino,pre1,-2.3068454932663625,2.4819819391724116,"{""type"":""MultiPoint"",""coordinates"":[]}"
11,Hudhud,2014-10-19,2014-10-12,ElNino,during,-0.600330161042405,2.3487635257539945,"{""type"":""MultiPoint"",""coordinates"":[]}"
12,Hudhud,2014-10-26,2014-10-19,ElNino,rec1,-1.2649238405362184,0.7724111439101813,"{""type"":""MultiPoint"",""coordinates"":[]}"
13,Hudhud,2014-11-02,2014-10-26,ElNino,rec2,-2.620122786118138,1.8462758729410134,"{""type"":""MultiPoint"",""coordinates"":[]}"
14,Hudhud,2014-11-09,2014-11-02,ElNino,rec3,-2.6827327827055902,2.086160038422314,"{""type"":""MultiPoint"",""coordinates"":[]}"
15,Hudhud,2014-11-16,2014-11-09,ElNino,rec4,-1.3094748345866432,0.5664796883467113,"{""type"":""MultiPoint"",""coordinates"":[]}"
16,Hudhud,2014-11-23,2014-11-16,ElNino,rec5,-0.5630455595146995,0.563809851827996,"{""type"":""MultiPoint"",""coordinates"":[]}"
17,Hudhud,2014-11-30,2014-11-23,ElNino,rec6,-0.04895913808400966,0.3618181256850512,"{""type"":""MultiPoint"",""coordinates"":[]}"
18,Fani,2019-04-26,2019-04-19,ElNino,pre2,0.058399267324897364,2.6747405472457935,"{""type"":""MultiPoint"",""coordinates"":[]}"
19,Fani,2019-05-03,2019-04-26,ElNino,pre1,-0.2836165477357387,3.1594128268975896,"{""type"":""MultiPoint"",""coordinates"":[]}"
20,Fani,2019-05-10,2019-05-03,ElNino,during,0.48818628710530027,2.6156695671923536,"{""type"":""MultiPoint"",""coordinates"":[]}"
21,Fani,2019-05-17,2019-05-10,ElNino,rec1,0.23365172124953695,3.823153094135417,"{""type"":""MultiPoint"",""coordinates"":[]}"
22,Fani,2019-05-24,2019-05-17,ElNino,rec2,0.19627740102266958,3.792200827228074,"{""type"":""MultiPoint"",""coordinates"":[]}"
23,Fani,2019-05-31,2019-05-24,ElNino,rec3,0.226631046624707,4.022895931662748,"{""type"":""MultiPoint"",""coordinates"":[]}"
24,Fani,2019-06-07,2019-05-31,ElNino,rec4,0.21235565498859402,4.633193656435785,"{""type"":""MultiPoint"",""coordinates"":[]}"
25,Fani,2019-06-14,2019-06-07,ElNino,rec5,0.37950159366546254,2.7270975702405513,"{""type"":""MultiPoint"",""coordinates"":[]}"
26,Fani,2019-06-21,2019-06-14,ElNino,rec6,0.7276397134742774,2.6263386455893096,"{""type"":""MultiPoint"",""coordinates"":[]}"
27,Titli,2018-10-04,2018-09-27,LaNina,pre2,0.5834022963384347,0.9640369236123516,"{""type"":""MultiPoint"",""coordinates"":[]}"
28,Titli,2018-10-11,2018-10-04,LaNina,pre1,-2.344818559658178,2.048052223879853,"{""type"":""MultiPoint"",""coordinates"":[]}"
29,Titli,2018-10-18,2018-10-11,LaNina,during,-0.100673310183736,1.9976205826994722,"{""type"":""MultiPoint"",""coordinates"":[]}"
30,Titli,2018-10-25,2018-10-18,LaNina,rec1,0.5913843680927986,0.6808085622011665,"{""type"":""MultiPoint"",""coordinates"":[]}"
31,Titli,2018-11-01,2018-10-25,LaNina,rec2,-2.622944163543438,2.3126474348047927,"{""type"":""MultiPoint"",""coordinates"":[]}"
32,Titli,2018-11-08,2018-11-01,LaNina,rec3,-0.32925118557646776,0.6977687881913831,"{""type"":""MultiPoint"",""coordinates"":[]}"
33,Titli,2018-11-15,2018-11-08,LaNina,rec4,-2.227109152086012,1.6634944457362655,"{""type"":""MultiPoint"",""coordinates"":[]}"
34,Titli,2018-11-22,2018-11-15,LaNina,rec5,-0.38241130954030955,0.6205204649356633,"{""type"":""MultiPoint"",""coordinates"":[]}"
35,Titli,2018-11-29,2018-11-22,LaNina,rec6,-2.313348633791502,0.7522749325376996,"{""type"":""MultiPoint"",""coordinates"":[]}"
36,Yaas,2021-05-19,2021-05-12,LaNina,pre2,0.2473286600090477,3.8501924624562607,"{""type"":""MultiPoint"",""coordinates"":[]}"
37,Yaas,2021-05-26,2021-05-19,LaNina,pre1,1.1437935353242081,1.3179189068379782,"{""type"":""MultiPoint"",""coordinates"":[]}"
38,Yaas,2021-06-02,2021-05-26,LaNina,during,0.3666077604678508,3.0299785862322,"{""type"":""MultiPoint"",""coordinates"":[]}"
39,Yaas,2021-06-09,2021-06-02,LaNina,rec1,0.4297666584275188,3.3699546842608794,"{""type"":""MultiPoint"",""coordinates"":[]}"
40,Yaas,2021-06-16,2021-06-09,LaNina,rec2,1.0689983984094416,2.049253923173184,"{""type"":""MultiPoint"",""coordinates"":[]}"
41,Yaas,2021-06-23,2021-06-16,LaNina,rec3,0.6888328162305678,2.8332878883221557,"{""type"":""MultiPoint"",""coordinates"":[]}"
42,Yaas,2021-06-30,2021-06-23,LaNina,rec4,0.36092716032650396,3.2755634309784147,"{""type"":""MultiPoint"",""coordinates"":[]}"
43,Yaas,2021-07-07,2021-06-30,LaNina,rec5,0.6453092743778197,2.8177489267703897,"{""type"":""MultiPoint"",""coordinates"":[]}"
44,Yaas,2021-07-14,2021-07-07,LaNina,rec6,-0.33052875234278106,1.7787890462377096,"{""type"":""MultiPoint"",""coordinates"":[]}"
45,Amphan,2020-05-13,2020-05-06,LaNina,pre2,0.11309430073031085,2.6304247303404713,"{""type"":""MultiPoint"",""coordinates"":[]}"
46,Amphan,2020-05-20,2020-05-13,LaNina,pre1,-0.3763569715501114,1.0835786828679286,"{""type"":""MultiPoint"",""coordinates"":[]}"
47,Amphan,2020-05-27,2020-05-20,LaNina,during,0.34606248564479597,3.878815953690431,"{""type"":""MultiPoint"",""coordinates"":[]}"
48,Amphan,2020-06-03,2020-05-27,LaNina,rec1,0.23494306906637008,4.289808187942227,"{""type"":""MultiPoint"",""coordinates"":[]}"
49,Amphan,2020-06-10,2020-06-03,LaNina,rec2,0.40809932281059547,2.526997265848881,"{""type"":""MultiPoint"",""coordinates"":[]}"
50,Amphan,2020-06-17,2020-06-10,LaNina,rec3,0.37645752676943284,1.522652293019354,"{""type"":""MultiPoint"",""coordinates"":[]}"
51,Amphan,2020-06-24,2020-06-17,LaNina,rec4,0.5676953310314309,3.443345824201815,"{""type"":""MultiPoint"",""coordinates"":[]}"
52,Amphan,2020-07-01,2020-06-24,LaNina,rec5,0.29847124875563613,3.56371097557056,"{""type"":""MultiPoint"",""coordinates"":[]}"
53,Amphan,2020-07-08,2020-07-01,LaNina,rec6,0.5210052194981962,2.6075128346960805,"{""type"":""MultiPoint"",""coordinates"":[]}"
54,Vardah,2016-12-05,2016-11-28,Neutral,pre2,-2.4736999369167103,1.392830937331281,"{""type"":""MultiPoint"",""coordinates"":[]}"
55,Vardah,2016-12-12,2016-12-05,Neutral,pre1,-2.5224253864247763,2.3709764656299672,"{""type"":""MultiPoint"",""coordinates"":[]}"
56,Vardah,2016-12-19,2016-12-12,Neutral,during,-2.358267901865409,1.159832606105705,"{""type"":""MultiPoint"",""coordinates"":[]}"
57,Vardah,2016-12-26,2016-12-19,Neutral,rec1,1.418209630987645,0.3322966170902348,"{""type"":""MultiPoint"",""coordinates"":[]}"
58,Vardah,2017-01-02,2016-12-26,Neutral,rec2,-1.3230516962411027,0.6812325640549706,"{""type"":""MultiPoint"",""coordinates"":[]}"
59,Vardah,2017-01-09,2017-01-02,Neutral,rec3,-1.542335949918697,0.6084546591344573,"{""type"":""MultiPoint"",""coordinates"":[]}"
60,Vardah,2017-01-16,2017-01-09,Neutral,rec4,-1.5720037866430743,0.8792595192099909,"{""type"":""MultiPoint"",""coordinates"":[]}"
61,Vardah,2017-01-23,2017-01-16,Neutral,rec5,-2.1480670379599474,0.9905722942369675,"{""type"":""MultiPoint"",""coordinates"":[]}"
62,Vardah,2017-01-30,2017-01-23,Neutral,rec6,-1.480621654711288,0.47447236699001866,"{""type"":""MultiPoint"",""coordinates"":[]}"
63,Helen,2013-11-15,2013-11-08,Neutral,pre2,-2.568746285890354,2.0370022313993474,"{""type"":""MultiPoint"",""coordinates"":[]}"
64,Helen,2013-11-22,2013-11-15,Neutral,pre1,-2.648370921993069,2.506065491830557,"{""type"":""MultiPoint"",""coordinates"":[]}"
65,Helen,2013-11-29,2013-11-22,Neutral,during,-2.4259194965538593,1.5019509315622546,"{""type"":""MultiPoint"",""coordinates"":[]}"
66,Helen,2013-12-06,2013-11-29,Neutral,rec1,-2.466631848519894,1.2955952113544642,"{""type"":""MultiPoint"",""coordinates"":[]}"
67,Helen,2013-12-13,2013-12-06,Neutral,rec2,-2.5402697561984513,2.7065677624846574,"{""type"":""MultiPoint"",""coordinates"":[]}"
68,Helen,2013-12-20,2013-12-13,Neutral,rec3,0.6030286697311381,0.21265117238858236,"{""type"":""MultiPoint"",""coordinates"":[]}"
69,Helen,2013-12-27,2013-12-20,Neutral,rec4,-0.8829150638409625,0.47363353978715145,"{""type"":""MultiPoint"",""coordinates"":[]}"
70,Helen,2014-01-03,2013-12-27,Neutral,rec5,-1.6768576503637835,0.6038254589177109,"{""type"":""MultiPoint"",""coordinates"":[]}"
71,Helen,2014-01-10,2014-01-03,Neutral,rec6,-1.1739190093154401,0.7617829688170832,"{""type"":""MultiPoint"",""coordinates"":[]}"
72,Gulab,2021-09-19,2021-09-12,Neutral,pre2,0.6843919365999549,2.883533816713986,"{""type"":""MultiPoint"",""coordinates"":[]}"
73,Gulab,2021-09-26,2021-09-19,Neutral,pre1,0.08320960284827325,1.384094363998604,"{""type"":""MultiPoint"",""coordinates"":[]}"
74,Gulab,2021-10-03,2021-09-26,Neutral,during,-0.36568088210869953,2.0809960824101843,"{""type"":""MultiPoint"",""coordinates"":[]}"
75,Gulab,2021-10-10,2021-10-03,Neutral,rec1,0.16743144970473964,1.4516903254813096,"{""type"":""MultiPoint"",""coordinates"":[]}"
76,Gulab,2021-10-17,2021-10-10,Neutral,rec2,-2.3147342430706956,1.1691915339126246,"{""type"":""MultiPoint"",""coordinates"":[]}"
77,Gulab,2021-10-24,2021-10-17,Neutral,rec3,0.4791452732646062,1.2636056657761476,"{""type"":""MultiPoint"",""coordinates"":[]}"
78,Gulab,2021-10-31,2021-10-24,Neutral,rec4,-2.556020099078265,2.0082242061020787,"{""type"":""MultiPoint"",""coordinates"":[]}"
79,Gulab,2021-11-07,2021-10-31,Neutral,rec5,-2.09761534855844,1.7268163026755217,"{""type"":""MultiPoint"",""coordinates"":[]}"
80,Gulab,2021-11-14,2021-11-07,Neutral,rec6,-2.129331435077714,2.237881221625524,"{""type"":""MultiPoint"",""coordinates"":[]}"
